n_tokens,quest_ops,hnsw_ops,quest_over_hnsw
8192,65536,53248,1.2307692307692308
16384,131072,57344,2.2857142857142856
32768,262144,61440,4.266666666666667
65536,524288,65536,8.0
131072,1048576,69632,15.058823529411764
262144,2097152,73728,28.444444444444443
524288,4194304,77824,53.89473684210526
1048576,8388608,81920,102.4
